slug,agencyName,region,status,websiteUrl,candidateSourceCount,nextAction
"mont-tremblant","Mont-Tremblant","Quebec","official-source-candidate","https://www.villedemont-tremblant.qc.ca","3","Manually review the official candidate pages for transfer validity, limit, and cost."
"saint-hyacinthe","Ville de Saint-Hyacinthe","Quebec","official-source-candidate","https://www.st-hyacinthe.ca/services-aux-citoyens/transport-collectif","3","Manually review the official candidate pages for transfer validity, limit, and cost."
"bc-fraser-valley","BC Transit (Fraser Valley)","British Columbia","official-source-candidate","https://www.bctransit.com/","1","Manually review the official candidate pages for transfer validity, limit, and cost."
"butler-county-rta","Butler County Regional Transit Authority","Ohio","official-source-candidate","https://www.butlercountyrta.com/","4","Manually review the official candidate pages for transfer validity, limit, and cost."
"cowichan","BC Transit (Cowichan Valley)","British Columbia","official-source-candidate","https://www.bctransit.com/","1","Manually review the official candidate pages for transfer validity, limit, and cost."
"campbell-river","BC Transit (Campbell River)","British Columbia","official-source-candidate","https://www.bctransit.com/","1","Manually review the official candidate pages for transfer validity, limit, and cost."
"whistler","BC Transit (Whistler)","British Columbia","official-source-candidate","https://www.bctransit.com/","1","Manually review the official candidate pages for transfer validity, limit, and cost."
"southportlandme","South Portland Bus Service","Maine","official-source-candidate","http://www.southportland.org/departments/bus-transportation/","2","Manually review the official candidate pages for transfer validity, limit, and cost."
"glensfallstransit","Greater Glens Falls Transit","New York","research-incomplete","https://gftransit.org/","0","Find and review an official fare, transfer, rider-guide, or policy source; do not infer a policy from absence of evidence."
"bc-ferries","BC Ferries","British Columbia","official-source-candidate","https://www.bcferries.com/","9","Manually review the official candidate pages for transfer validity, limit, and cost."
"unioncity","Union City Transit","California","official-source-candidate","http://www.uctransit.org","4","Manually review the official candidate pages for transfer validity, limit, and cost."
"westberkeley","West Berkeley Shuttle","California","official-source-candidate","http://westberkeleyshuttle.net/","1","Manually review the official candidate pages for transfer validity, limit, and cost."
"riovista","Rio Vista Delta Breeze","California","official-source-candidate","https://www.riovistacity.com/deltabreeze/page/delta-breeze-transit-schedule","4","Manually review the official candidate pages for transfer validity, limit, and cost."
"smart-or","South Metro Area Regional Transit (SMART)","Oregon","official-source-candidate","https://www.ridesmart.com/","1","Manually review the official candidate pages for transfer validity, limit, and cost."
"get","Golden Empire Transit District (GET)","California","official-source-candidate","http://www.getbus.org/","5","Manually review the official candidate pages for transfer validity, limit, and cost."
"start","Stanislaus Regional Transit (StaRT)","California","official-source-candidate","http://www.stanrta.org","3","Manually review the official candidate pages for transfer validity, limit, and cost."
"montebello","Montebello Bus Lines","California","official-source-candidate","http://www.ridembl.com/","3","Manually review the official candidate pages for transfer validity, limit, and cost."
"part","Putnam Area Rapid Transit (PART)","New York","official-source-candidate","http://www.putnamcountyny.com/PART/","1","Manually review the official candidate pages for transfer validity, limit, and cost."
"essex-county","Cape Ann Transportation Authority (CATA)","Massachusetts","official-source-candidate","http://canntran.com/","1","Manually review the official candidate pages for transfer validity, limit, and cost."
"medicine-hat","Medicine Hat Transit","Alberta","official-source-candidate","https://www.medicinehat.ca/en/roads-parking-and-transportation/transit.aspx","5","Manually review the official candidate pages for transfer validity, limit, and cost."
"rock-county","Beloit Transit System","Wisconsin","research-incomplete","http://www.beloittransit.com","0","Find and review an official fare, transfer, rider-guide, or policy source; do not infer a policy from absence of evidence."
"fact","Fayette Area Coordinated Transportation","Pennsylvania","official-source-candidate","https://factbus.com/","5","Manually review the official candidate pages for transfer validity, limit, and cost."
"freedom-transit","Freedom Transit","Pennsylvania","official-source-candidate","https://www.freedom-transit.org/","7","Manually review the official candidate pages for transfer validity, limit, and cost."
"carta","Charleston Area Regional Transportation Authority (CARTA)","South Carolina","research-incomplete","https://www.ridecarta.com/","0","Find and review an official fare, transfer, rider-guide, or policy source; do not infer a policy from absence of evidence."
"cedar-rapids","Cedar Rapids Transit","Iowa","official-source-candidate","http://www.cedar-rapids.org/residents/city_buses/index.php","7","Manually review the official candidate pages for transfer validity, limit, and cost."
"valley-metro-roanoke","Valley Metro (Roanoke, VA)","Virginia","official-source-candidate","https://valleymetro.com/","4","Manually review the official candidate pages for transfer validity, limit, and cost."
"dayton","Greater Dayton RTA","Ohio","official-source-candidate","http://www.i-riderta.org","4","Manually review the official candidate pages for transfer validity, limit, and cost."
"billings","MET Transit (Billings)","Montana","official-source-candidate","http://www.mettransit.com","1","Manually review the official candidate pages for transfer validity, limit, and cost."
"scat","SCAT (Sarasota County)","Florida","official-source-candidate","https://321transit.com","9","Manually review the official candidate pages for transfer validity, limit, and cost."
"bustang-outrider","Bustang Outrider","Colorado","research-incomplete","http://ridebustang.com/","0","Find and review an official fare, transfer, rider-guide, or policy source; do not infer a policy from absence of evidence."
"kart","Kings Area Rural Transit","California","official-source-candidate","http://mykartbus.com/","1","Manually review the official candidate pages for transfer validity, limit, and cost."
"modesto","Modesto Area Express","California","official-source-candidate","http://www.stanrta.org","3","Manually review the official candidate pages for transfer validity, limit, and cost."
"cat-harrisburg","Capital Area Transit (Harrisburg)","Pennsylvania","official-source-candidate","https://www.rabbittransit.org/","3","Manually review the official candidate pages for transfer validity, limit, and cost."
"cascades-east","Cascades East Transit (Bend, OR)","Oregon","research-incomplete","http://cascadeseasttransit.com/","0","Find and review an official fare, transfer, rider-guide, or policy source; do not infer a policy from absence of evidence."
"mountain-transit-ca","Mountain Transit (Big Bear Lake)","California","research-incomplete","http://www.mountaintransit.org/?referrer=gtfs","0","Find and review an official fare, transfer, rider-guide, or policy source; do not infer a policy from absence of evidence."
"brownsville","Brownsville Metro","Texas","research-incomplete","BrownsvilleMetro.transloc.com","0","Find and review an official fare, transfer, rider-guide, or policy source; do not infer a policy from absence of evidence."
"terrebonne-parish","Good Earth Transit (Houma)","Louisiana","research-incomplete","https://tpcg.org/index.php?f=public_transit","0","Find and review an official fare, transfer, rider-guide, or policy source; do not infer a policy from absence of evidence."
"indian-river","Indian River Transit","Florida","research-incomplete","http://www.ridesystems.net","0","Find and review an official fare, transfer, rider-guide, or policy source; do not infer a policy from absence of evidence."
"evansville","METS (Evansville)","Indiana","official-source-candidate","https://www.evansvillegov.org/city/department/index.php?structureid=225","1","Manually review the official candidate pages for transfer validity, limit, and cost."
"bloomington","Bloomington Transit","Indiana","official-source-candidate","https://bloomingtontransit.com/","2","Manually review the official candidate pages for transfer validity, limit, and cost."
"athens-acc","Athens Clarke County Transit","Georgia","official-source-candidate","https://www.accgov.com/transit/","2","Manually review the official candidate pages for transfer validity, limit, and cost."
"springfield-il","SMTD (Springfield IL)","Illinois","official-source-candidate","https://www.smtd.org","4","Manually review the official candidate pages for transfer validity, limit, and cost."
"bis-man","Bis-Man Transit (Bismarck-Mandan)","North Dakota","official-source-candidate","https://bismantransit.com/","2","Manually review the official candidate pages for transfer validity, limit, and cost."
"brandon","Brandon Transit","Manitoba","research-incomplete","http://www.brandontransit.ca/","0","Find and review an official fare, transfer, rider-guide, or policy source; do not infer a policy from absence of evidence."
"juneau","Capital Transit (Juneau)","Alaska","official-source-candidate","https://juneaucapitaltransit.org/","4","Manually review the official candidate pages for transfer validity, limit, and cost."
"santa-cruz-metro","Santa Cruz METRO","","official-source-candidate","https://scmetro.org","3","Manually review the official candidate pages for transfer validity, limit, and cost."
"sioux-falls","Sioux Area Metro (SAM)","South Dakota","official-source-candidate","https://www.siouxfalls.gov/resident-services/sam","4","Manually review the official candidate pages for transfer validity, limit, and cost."
"davenport","Davenport CitiBus","Iowa","official-source-candidate","https://www.davenportiowa.com/services/citibus_transit","4","Manually review the official candidate pages for transfer validity, limit, and cost."
"bettendorf","Bettendorf Transit","Iowa","official-source-candidate","https://www.bettendorf.org/departments/engineering___public_","5","Manually review the official candidate pages for transfer validity, limit, and cost."
"albany-ga","Albany Transit System","Georgia","official-source-candidate","http://www.albanyga.gov/about-us/city-departments/albany-transit-system","2","Manually review the official candidate pages for transfer validity, limit, and cost."
"st-george","SunTran (St. George)","Utah","official-source-candidate","https://www.sgcity.org/suntran","4","Manually review the official candidate pages for transfer validity, limit, and cost."
"duke","Duke University Transit","North Carolina","research-incomplete","duke.transloc.com","0","Find and review an official fare, transfer, rider-guide, or policy source; do not infer a policy from absence of evidence."
"streamline","Streamline (Bozeman)","Montana","official-source-candidate","http://www.streamlinebus.com/","4","Manually review the official candidate pages for transfer validity, limit, and cost."
"jfk-airtrain","JFK AirTrain","New York","official-source-candidate","https://www.jfkairport.com/to-from-airport/air-train","1","Manually review the official candidate pages for transfer validity, limit, and cost."
"guadalajara","Mi Transporte (Guadalajara)","Jalisco","research-incomplete","https://setrans.jalisco.gob.mx/","0","Find and review an official fare, transfer, rider-guide, or policy source; do not infer a policy from absence of evidence."
"cheyenne","Cheyenne Transit Program","Wyoming","official-source-candidate","https://cheyennecity.org/Transit","2","Manually review the official candidate pages for transfer validity, limit, and cost."
"sioux-city","Sioux City Transit","Iowa","official-source-candidate","https://www.sioux-city.org/services/transit","1","Manually review the official candidate pages for transfer validity, limit, and cost."
"banning","Banning Connect","California","official-source-candidate","http://www.ci.banning.ca.us/351/Bus-Schedules","2","Manually review the official candidate pages for transfer validity, limit, and cost."
"beaumont-ca","Beaumont Transit","California","official-source-candidate","https://www.beaumontca.gov/index.aspx?NID=90","1","Manually review the official candidate pages for transfer validity, limit, and cost."
"corona","Corona Cruiser","California","official-source-candidate","http://www.coronaca.gov/government/departments-divisions/public-works/public-transit/corona-cruiser","1","Manually review the official candidate pages for transfer validity, limit, and cost."
"snoqualmie-valley","Snoqualmie Valley Transportation","Washington","official-source-candidate","http://www.svtbus.org/","1","Manually review the official candidate pages for transfer validity, limit, and cost."
"besancon","Ginko (Besançon)","Bourgogne-Franche-Comté","official-source-candidate","https://www.ginko.voyage/","9","Manually review the official candidate pages for transfer validity, limit, and cost."
"beziers","beeMob (Béziers)","Occitanie","official-source-candidate","https://www.beemob.fr/","7","Manually review the official candidate pages for transfer validity, limit, and cost."
"caen","Twisto (Caen)","Normandie","official-source-candidate","https://www.twisto.fr/","5","Manually review the official candidate pages for transfer validity, limit, and cost."
"dunkirk","DK'Bus (Dunkerque)","Hauts-de-France","official-source-candidate","https://www.dkbus.com/","4","Manually review the official candidate pages for transfer validity, limit, and cost."
"lorient","Izilo (Lorient)","Bretagne","official-source-candidate","https://www.izilo.bzh/","9","Manually review the official candidate pages for transfer validity, limit, and cost."
"nice-fr","Lignes d'Azur (Nice)","Provence-Alpes-Côte d'Azur","official-source-candidate","https://www.lignesdazur.com/","4","Manually review the official candidate pages for transfer validity, limit, and cost."
"poitiers","Vitalis (Poitiers)","Nouvelle-Aquitaine","official-source-candidate","https://www.vitalis-poitiers.fr/","6","Manually review the official candidate pages for transfer validity, limit, and cost."
"quimper","Qub (Quimper)","Bretagne","official-source-candidate","https://www.qub.fr/","9","Manually review the official candidate pages for transfer validity, limit, and cost."
"troyes","TCAT (Troyes)","Grand Est","official-source-candidate","https://www.tcat.fr/","9","Manually review the official candidate pages for transfer validity, limit, and cost."
"vannes","Kicéo (Vannes)","Bretagne","official-source-candidate","https://www.kiceo.fr/","2","Manually review the official candidate pages for transfer validity, limit, and cost."
"arles","Envia (Arles)","Provence-Alpes-Côte d'Azur","research-incomplete","","0","Find and review an official fare, transfer, rider-guide, or policy source; do not infer a policy from absence of evidence."
"beauvais","Corolis (Beauvais)","Hauts-de-France","official-source-candidate","https://www.corolis.fr","10","Manually review the official candidate pages for transfer validity, limit, and cost."
"blois","Azalys (Blois)","Centre-Val de Loire","research-incomplete","https://www.azalys-blois.fr/","0","Find and review an official fare, transfer, rider-guide, or policy source; do not infer a policy from absence of evidence."
"cannes","Palm Bus (Cannes)","Provence-Alpes-Côte d'Azur","research-incomplete","https://www.palmbus.fr/","0","Find and review an official fare, transfer, rider-guide, or policy source; do not infer a policy from absence of evidence."
"carcassonne","RTCA (Carcassonne)","Occitanie","research-incomplete","","0","Find and review an official fare, transfer, rider-guide, or policy source; do not infer a policy from absence of evidence."
"chateauroux","Horizon (Châteauroux)","Centre-Val de Loire","research-incomplete","","0","Find and review an official fare, transfer, rider-guide, or policy source; do not infer a policy from absence of evidence."
"colmar","Trace (Colmar)","Grand Est","research-incomplete","https://www.trace-colmar.fr","0","Find and review an official fare, transfer, rider-guide, or policy source; do not infer a policy from absence of evidence."
"douai","Évasion (Douai)","Hauts-de-France","research-incomplete","","0","Find and review an official fare, transfer, rider-guide, or policy source; do not infer a policy from absence of evidence."
"evreux","Transurbain (Évreux)","Normandie","research-incomplete","","0","Find and review an official fare, transfer, rider-guide, or policy source; do not infer a policy from absence of evidence."
"fougeres","Surfline (Fougères)","Bretagne","research-incomplete","","0","Find and review an official fare, transfer, rider-guide, or policy source; do not infer a policy from absence of evidence."
"grasse","Sillages (Grasse)","Provence-Alpes-Côte d'Azur","research-incomplete","","0","Find and review an official fare, transfer, rider-guide, or policy source; do not infer a policy from absence of evidence."
"mont-de-marsan","TMA (Mont-de-Marsan)","Nouvelle-Aquitaine","research-incomplete","https://bustma.com/fr/","0","Find and review an official fare, transfer, rider-guide, or policy source; do not infer a policy from absence of evidence."
"montbeliard","Evolity (Montbéliard)","Bourgogne-Franche-Comté","official-source-candidate","https://www.evolity.fr/","10","Manually review the official candidate pages for transfer validity, limit, and cost."
"morlaix","Linéotim (Morlaix)","Bretagne","official-source-candidate","https://www.lineotim.com/fr/","3","Manually review the official candidate pages for transfer validity, limit, and cost."
"nevers","Taneo (Nevers)","Bourgogne-Franche-Comté","research-incomplete","https://www.taneo-nevers.fr/","0","Find and review an official fare, transfer, rider-guide, or policy source; do not infer a policy from absence of evidence."
"niort","TanLib (Niort)","Nouvelle-Aquitaine","official-source-candidate","https://tanlib.com/","3","Manually review the official candidate pages for transfer validity, limit, and cost."
"saint-brieuc","TUB (Saint-Brieuc)","Bretagne","research-incomplete","","0","Find and review an official fare, transfer, rider-guide, or policy source; do not infer a policy from absence of evidence."
"saint-omer","MouvO (Saint-Omer)","Hauts-de-France","official-source-candidate","http://www.ca-pso.fr","2","Manually review the official candidate pages for transfer validity, limit, and cost."
"tarbes","TLP Mobilités (Tarbes)","Occitanie","research-incomplete","","0","Find and review an official fare, transfer, rider-guide, or policy source; do not infer a policy from absence of evidence."
"valenciennes","Transvilles (Valenciennes)","Hauts-de-France","official-source-candidate","https://www.transvilles.com/","9","Manually review the official candidate pages for transfer validity, limit, and cost."
"vierzon","Le Vib (Vierzon)","Centre-Val de Loire","research-incomplete","","0","Find and review an official fare, transfer, rider-guide, or policy source; do not infer a policy from absence of evidence."
"albi","LibéA (Albi)","Occitanie","research-incomplete","","0","Find and review an official fare, transfer, rider-guide, or policy source; do not infer a policy from absence of evidence."
"ales","Ales'y (Alès)","Occitanie","research-incomplete","","0","Find and review an official fare, transfer, rider-guide, or policy source; do not infer a policy from absence of evidence."
"angouleme","Möbius (Angoulême)","Nouvelle-Aquitaine","research-incomplete","","0","Find and review an official fare, transfer, rider-guide, or policy source; do not infer a policy from absence of evidence."
"cavaillon","Cmonbus (Cavaillon)","Provence-Alpes-Côte d'Azur","research-incomplete","https://www.luberonmontsdevaucluse.fr/agglomeration/c-mon-bus","0","Find and review an official fare, transfer, rider-guide, or policy source; do not infer a policy from absence of evidence."
"chamonix","Chamonix Mobilités","Auvergne-Rhône-Alpes","research-incomplete","","0","Find and review an official fare, transfer, rider-guide, or policy source; do not infer a policy from absence of evidence."
"cherbourg","Cap Cotentin (Cherbourg)","Normandie","research-incomplete","","0","Find and review an official fare, transfer, rider-guide, or policy source; do not infer a policy from absence of evidence."
"coutances","Cosibus (Coutances)","Normandie","research-incomplete","","0","Find and review an official fare, transfer, rider-guide, or policy source; do not infer a policy from absence of evidence."
"dinan","Dinamo (Dinan)","Bretagne","research-incomplete","","0","Find and review an official fare, transfer, rider-guide, or policy source; do not infer a policy from absence of evidence."
"gap","Trotibus (Gap)","Provence-Alpes-Côte d'Azur","research-incomplete","https://www.gap-tallard-durance.fr","0","Find and review an official fare, transfer, rider-guide, or policy source; do not infer a policy from absence of evidence."
"guingamp","Guingamp-Paimpol Mobilité","Bretagne","research-incomplete","","0","Find and review an official fare, transfer, rider-guide, or policy source; do not infer a policy from absence of evidence."
"louviers","SEMO (Louviers)","Normandie","research-incomplete","","0","Find and review an official fare, transfer, rider-guide, or policy source; do not infer a policy from absence of evidence."
"montauban","TM (Montauban)","Occitanie","research-incomplete","","0","Find and review an official fare, transfer, rider-guide, or policy source; do not infer a policy from absence of evidence."
"moulins","Aléo (Moulins)","Auvergne-Rhône-Alpes","research-incomplete","https://www.aleo-moulins.fr/","0","Find and review an official fare, transfer, rider-guide, or policy source; do not infer a policy from absence of evidence."
"porto-vecchio","A Citadina (Porto-Vecchio)","Corse","official-source-candidate","https://acitadina.fr/","1","Manually review the official candidate pages for transfer validity, limit, and cost."
"privas","T'CAP (Privas)","Auvergne-Rhône-Alpes","research-incomplete","","0","Find and review an official fare, transfer, rider-guide, or policy source; do not infer a policy from absence of evidence."
"saint-quentin","TUC (Saint-Quentin)","Hauts-de-France","research-incomplete","","0","Find and review an official fare, transfer, rider-guide, or policy source; do not infer a policy from absence of evidence."
"selestat","ELSA (Sélestat)","Grand Est","official-source-candidate","https://elsa-mobilites.fr/","5","Manually review the official candidate pages for transfer validity, limit, and cost."
"vichy","MobiVie (Vichy)","Auvergne-Rhône-Alpes","research-incomplete","","0","Find and review an official fare, transfer, rider-guide, or policy source; do not infer a policy from absence of evidence."
"villeneuve-sur-lot","Elios (Villeneuve-sur-Lot)","Nouvelle-Aquitaine","research-incomplete","","0","Find and review an official fare, transfer, rider-guide, or policy source; do not infer a policy from absence of evidence."
"aix-les-bains","Aix-les-Bains","Auvergne-Rhône-Alpes","official-source-candidate","https://www.ondea-bus.fr","9","Manually review the official candidate pages for transfer validity, limit, and cost."
"cosne","Cosne-Cours-sur-Loire","Bourgogne-Franche-Comté","official-source-candidate","https://www.coeurdeloire.fr/","1","Manually review the official candidate pages for transfer validity, limit, and cost."
"dole","Dole","Bourgogne-Franche-Comté","research-incomplete","","0","Find and review an official fare, transfer, rider-guide, or policy source; do not infer a policy from absence of evidence."
"draguignan","TedBus (Draguignan)","Provence-Alpes-Côte d'Azur","official-source-candidate","http://www.tedbus.com","5","Manually review the official candidate pages for transfer validity, limit, and cost."
"fecamp","Fécamp","Normandie","research-incomplete","","0","Find and review an official fare, transfer, rider-guide, or policy source; do not infer a policy from absence of evidence."
"lannion","TILT (Lannion)","Bretagne","official-source-candidate","https://www.lannion-tregor.com/fr/deplacements.html","1","Manually review the official candidate pages for transfer validity, limit, and cost."
"mende","Mende","Occitanie","research-incomplete","","0","Find and review an official fare, transfer, rider-guide, or policy source; do not infer a policy from absence of evidence."
"redon","Redon","Bretagne","official-source-candidate","https://www.red.bzh/","6","Manually review the official candidate pages for transfer validity, limit, and cost."
"rumilly","Rumilly","Auvergne-Rhône-Alpes","research-incomplete","","0","Find and review an official fare, transfer, rider-guide, or policy source; do not infer a policy from absence of evidence."
"sarlat","Sarlat","Nouvelle-Aquitaine","official-source-candidate","https://perigord-voyagessarl.com/","1","Manually review the official candidate pages for transfer validity, limit, and cost."
"saumur","Saumur Agglobus","Pays de la Loire","official-source-candidate","https://ogalosaumurvaldeloire.anvergur.org/ogalosaumurvaldeloire/#!","1","Manually review the official candidate pages for transfer validity, limit, and cost."
"sete","Sète","Occitanie","official-source-candidate","https://www.mobilite.agglopole.fr/","6","Manually review the official candidate pages for transfer validity, limit, and cost."
"thiers","Thiers","Auvergne-Rhône-Alpes","research-incomplete","http://www.bus-tut.com","0","Find and review an official fare, transfer, rider-guide, or policy source; do not infer a policy from absence of evidence."
"vesoul","Vesoul","Bourgogne-Franche-Comté","research-incomplete","","0","Find and review an official fare, transfer, rider-guide, or policy source; do not infer a policy from absence of evidence."
"fast-nc","Fayetteville Area System of Transit","North Carolina","research-incomplete","fast.transloc.com","0","Find and review an official fare, transfer, rider-guide, or policy source; do not infer a policy from absence of evidence."
"sunshine-bus","Sunshine Bus Company","Florida","official-source-candidate","http://www.sunshinebus.net/","2","Manually review the official candidate pages for transfer validity, limit, and cost."
"key-west-transit","Key West Transit","Florida","research-incomplete","https://kwtransit.com","0","Find and review an official fare, transfer, rider-guide, or policy source; do not infer a policy from absence of evidence."
"citylink-north","Kootenai County Citylink North","Idaho","official-source-candidate","https://www.kcgov.us/486/Transit-Services","2","Manually review the official candidate pages for transfer validity, limit, and cost."
"dcta","Denton County Transportation Authority (DCTA)","Texas","official-source-candidate","http://www.dcta.net","9","Manually review the official candidate pages for transfer validity, limit, and cost."
"lafayette-la","Lafayette Transit System","Louisiana","research-incomplete","https://www.ridelts.com/","0","Find and review an official fare, transfer, rider-guide, or policy source; do not infer a policy from absence of evidence."
"coast-transit-ms","Coast Transit Authority","Mississippi","official-source-candidate","https://coasttransit.com/","6","Manually review the official candidate pages for transfer validity, limit, and cost."
"hub-city-transit","Hub City Transit","Mississippi","official-source-candidate","http://www.hattiesburgms.com/government/departments/urban-development/hub-city-transit/","1","Manually review the official candidate pages for transfer validity, limit, and cost."
"sandusky","Sandusky Transit System","Ohio","official-source-candidate","https://www.cityofsandusky.com/community/sandusky_transit_system/index.php","3","Manually review the official candidate pages for transfer validity, limit, and cost."
"bay-metro","Bay Metro (Bay City)","Michigan","official-source-candidate","https://www.baymetro.com","7","Manually review the official candidate pages for transfer validity, limit, and cost."
"burlington-ia","Burlington Urban Service (BUS)","Iowa","official-source-candidate","http://www.burlingtoniowa.org/2265/Burlington-Urban-Service-BUS","1","Manually review the official candidate pages for transfer validity, limit, and cost."
"telluride","Town of Telluride (Galloping Goose)","Colorado","official-source-candidate","https://www.telluride.gov/254/Transit-Division","2","Manually review the official candidate pages for transfer validity, limit, and cost."
"mountain-village","Town of Mountain Village Transit","Colorado","official-source-candidate","https://townofmountainvillage.com/getting-around/","1","Manually review the official candidate pages for transfer validity, limit, and cost."
"roundabout","Clear Creek County Transit (RoundAbout)","Colorado","official-source-candidate","https://www.clearcreekcounty.us/857/RoundAbout-Bus-Service","2","Manually review the official candidate pages for transfer validity, limit, and cost."
"avon-transit","Avon Transit","Colorado","official-source-candidate","https://www.avon.org/2038/Mobility","2","Manually review the official candidate pages for transfer validity, limit, and cost."
